<?xml version="1.0" encoding="UTF-8"?><artifacts>
    <artifact name="TestInt2CompositeExporter" version="1.0.0" type="carbon/application">
        <dependency artifact="__system_config_" version="1.0.0" include="true" serverRole="EnterpriseIntegrator"/>
        <dependency artifact="__system_config_repository" version="1.0.0" include="true" serverRole="EnterpriseIntegrator"/>
        <dependency artifact="__system_config_repository_components" version="1.0.0" include="true" serverRole="EnterpriseIntegrator"/>
        <dependency artifact="__system_config_repository_components_org.wso2.carbon.logging" version="1.0.0" include="true" serverRole="EnterpriseIntegrator"/>
        <dependency artifact="__system_config_repository_components_secure-vault" version="1.0.0" include="true" serverRole="EnterpriseIntegrator"/>
        <dependency artifact="__system_config_repository_components_secure-vault_setup6.txt" version="1.0.0" include="true" serverRole="EnterpriseIntegrator"/>
        <dependency artifact="__system_config_repository_components_secure-vault_sub" version="1.0.0" include="true" serverRole="EnterpriseIntegrator"/>
        <dependency artifact="__system_config_repository_components_secure-vault_sub_setup6.txt" version="1.0.0" include="true" serverRole="EnterpriseIntegrator"/>
        <dependency artifact="__system_config_repository_connection" version="1.0.0" include="true" serverRole="EnterpriseIntegrator"/>
        <dependency artifact="__system_config_repository_esb" version="1.0.0" include="true" serverRole="EnterpriseIntegrator"/>
        <dependency artifact="__system_config_repository_esb_esb-configurations" version="1.0.0" include="true" serverRole="EnterpriseIntegrator"/>
        <dependency artifact="__system_config_repository_esb_inbound" version="1.0.0" include="true" serverRole="EnterpriseIntegrator"/>
        <dependency artifact="__system_config_repository_esb_registry" version="1.0.0" include="true" serverRole="EnterpriseIntegrator"/>
        <dependency artifact="__system_config_users" version="1.0.0" include="true" serverRole="EnterpriseIntegrator"/>
    </artifact>
</artifacts>
